{
  "algo": "exact_bb",
  "instance": "n10.json",
  "reps": 1,
  "time_avg_ms": 66.58324980735779,
  "time_all_ms": [
    66.58324980735779
  ],
  "frontier": [
    {
      "dist": 33.442485119910216,
      "risk": 6.672124255995511,
      "recharges": 0
    },
    {
      "dist": 33.442485119910216,
      "risk": 6.67212425599551,
      "recharges": 0
    }
  ]
}