{
  "algo": "exact_bb",
  "instance": "n20.json",
  "reps": 1,
  "time_avg_ms": 30000.087584018707,
  "time_all_ms": [
    30000.087584018707
  ],
  "frontier": [
    {
      "dist": 108.18943556763284,
      "risk": 15.409471778381644,
      "recharges": 1
    }
  ]
}